{"cameraMode":{"drawMode":0,"name":"Shaded","section":"Shading Mode"},"sceneLighting":true,"audioPlay":false,"sceneViewState":{"m_AlwaysRefresh":false,"showFog":true,"showSkybox":true,"showFlares":true,"showImageEffects":true,"showParticleSystems":true,"showVisualEffectGraphs":true,"m_FxEnabled":true},"in2DMode":false,"pivot":{"x":0.4150199890136719,"y":17.623607635498048,"z":-6.82575798034668},"rotation":{"x":0.09662650525569916,"y":0.45507222414016726,"z":-0.049753013998270038,"w":0.8837983012199402},"size":54.65278625488281,"orthographic":true}