{"cameraMode":{"drawMode":0,"name":"Shaded","section":"Shading Mode"},"sceneLighting":true,"audioPlay":false,"sceneViewState":{"m_AlwaysRefresh":false,"showFog":true,"showSkybox":true,"showFlares":true,"showImageEffects":true,"showParticleSystems":true,"showVisualEffectGraphs":true,"m_FxEnabled":true},"in2DMode":false,"pivot":{"x":0.04283559322357178,"y":1.1621962785720826,"z":0.32111623883247378},"rotation":{"x":0.05116437375545502,"y":-0.6950778961181641,"z":0.049711428582668307,"w":0.7153870463371277},"size":1.2869962453842164,"orthographic":false}