{"cameraMode":{"drawMode":0,"name":"Shaded","section":"Shading Mode"},"sceneLighting":true,"audioPlay":false,"sceneViewState":{"m_AlwaysRefresh":false,"showFog":true,"showSkybox":true,"showFlares":true,"showImageEffects":true,"showParticleSystems":true,"showVisualEffectGraphs":true,"m_FxEnabled":true},"in2DMode":false,"pivot":{"x":-1.4006214141845704,"y":41.04740524291992,"z":13.184688568115235},"rotation":{"x":0.22903449833393098,"y":0.7603116035461426,"z":-0.49639540910720827,"w":0.3508126139640808},"size":27.837970733642579,"orthographic":false}