{"cameraMode":{"drawMode":0,"name":"Shaded","section":"Shading Mode"},"sceneLighting":true,"audioPlay":false,"sceneViewState":{"m_AlwaysRefresh":false,"showFog":true,"showSkybox":true,"showFlares":true,"showImageEffects":true,"showParticleSystems":true,"showVisualEffectGraphs":true,"m_FxEnabled":true},"in2DMode":false,"pivot":{"x":0.6912698745727539,"y":1.6451072692871094,"z":-0.8244781494140625},"rotation":{"x":0.08509959280490875,"y":0.9146488308906555,"z":-0.2679702639579773,"w":0.2904682755470276},"size":51.82501983642578,"orthographic":false}