{"cameraMode":{"drawMode":0,"name":"Shaded","section":"Shading Mode"},"sceneLighting":true,"audioPlay":false,"sceneViewState":{"m_AlwaysRefresh":false,"showFog":true,"showSkybox":true,"showFlares":true,"showImageEffects":true,"showParticleSystems":true,"showVisualEffectGraphs":true,"m_FxEnabled":true},"in2DMode":false,"pivot":{"x":-33.55066680908203,"y":-83.89425659179688,"z":132.61749267578126},"rotation":{"x":0.2977621853351593,"y":0.017182128503918649,"z":-0.005360426846891642,"w":0.9544707536697388},"size":188.4188995361328,"orthographic":false}