{"cameraMode":{"drawMode":0,"name":"Shaded","section":"Shading Mode"},"sceneLighting":true,"audioPlay":false,"sceneViewState":{"m_AlwaysRefresh":false,"showFog":true,"showSkybox":true,"showFlares":true,"showImageEffects":true,"showParticleSystems":true,"showVisualEffectGraphs":true,"m_FxEnabled":true},"in2DMode":false,"pivot":{"x":48.56462860107422,"y":49.976318359375,"z":0.013222644105553627},"rotation":{"x":0.24729157984256745,"y":-0.01017366535961628,"z":0.0025966614484786989,"w":0.9688847064971924},"size":60.605525970458987,"orthographic":true}